code,name,address,city,email,web_page,contact_person,phone,company_profile,total_revenue_2023,profit_before_tax,equity,total_liabilities,total_assets,market_capitalization,hv_isin,hv_total
ADIN,Адинг АД  Скопје,ул. Новоселски пат (1409) број 11,Скопје,ading@ading.com.mk,http://www.ading.com.mk,Антонио Спасевски,+389 2 32 39 257,"АДИНГ е водечка компанија во Југоисточна Европа за производство и пласман на хемиски материјали за градежништвото, основана во1969 година. Седиштето на матичната компанија и најголемиот производствен погон се наоѓаат во Скопје, Р.Македонија, а со свои претставништва и дистрибутери е присутна на повеќе од 13 пазари од регионот на Југоисточна Европа, Блискиот Исток и Азија. Компанијата е присутна со свои производствени погони и во Р.Бугарија и Р.Иран, додека свои фирми претставништва има во Р.Србија, Р.Казахстан и Р.Грција. Производствената програма ја сочинуваат повеќе од 100 производи кои нудат решенија за најспецифични проблеми со кои се соочува модерното градежништво. Речиси 60% од производството на компанијата денес се пласира на надворешните пазари, па оттука и големиот број на референтни објекти на овие пазари каде се вградени производите и технологиите на АДИНГ. Целата групација АДИНГ, денес има повеќе од 150 вработени од кои околу 90 вработени се во матичната компанија, а останатите во компаниите членки на групацијата во Р.Македонија и светот. АДИНГ е инженерска компанија со повеќе од 40% градежни инженери, архитекти, хемиски инженери, технолози и други високостручни профили.",678.145,159.890,492.293,153.742,646.035,386.400,MKADIN101010,386.400
ALK,Алкалоид АД Скопје,бул. Александар Македонски бр.12,Скопје,alkaloid@alkaloid.com.mk,http://www.alkaloid.com.mk,Виктор Стојчевски,+389 2 3 104 007,"Алкалоид АД Скопје е компанија која работи на производство на лекови, преработка на билни суровини и производство на козметички и хемиски производи. Компанијата нуди неколку илјади различни фармацевтски, хемиски, козметички  и прехрамбени продукти, и се исто така активно инволвирани во пронаоѓање и воведување на нови производи.Подружниците на Алкалоид АД Скопје се лоцирани во Русија, Швајцарија, Словенија, Хрватска, Србија, Црна Гора и Бугарија.",16.512.978,1.576.905,13.791.033,6.162.876,19.953.909,25.985.570,MKALKA101011,1.431.353
ALKB,N/A,N/A,N/A,N/A,N/A,N/A,N/A,,N/A,N/A,N/A,N/A,N/A,N/A,MKALKB101010,5.000
AMBR,N/A,N/A,N/A,N/A,N/A,N/A,N/A,,N/A,N/A,N/A,N/A,N/A,N/A,MKAMBR101012,500
AMEH,Агромеханика АД Скопје,ул. Ристо Шишков бр. 24/2,Скопје,info@agromehanika.eu.mk,http://www.agromehanika.eu.mk,Љубомир Стојановски,+389 2 3229 642,Издавање и управување со сопствен недвижен имот или недвижен имот земен под закуп (лизинг).,0,-180,21.177,1.150,22.327,12.144,MKAGME101012,40.481
APTK,Ангропромет Тиквешанка АД Кавадарци,ул. Индустриска бр. 15,Кавадарци,/,/,Влатко Панов,+389 70 324 797,"Основна дејност на АНГРОПРОМЕТ - ТИКВЕШАНКА – Кавадарци е изнајмување и давање под закуп (лизинг) на останати машини, опрема и материјални добра неспоменати на друго место. АНГРОПРОМЕТ - ТИКВЕШАНКА – Кавадарци врши услуги во делот на угостителството со организирање свечености, свадби и веселби во своите угостителски објекти. Друштвото врши услуги и преку издавање на магацински деловен простор, како и услуги на издавање деловен простор ладилник. Исто така, АНГРОПРОМЕТ - ТИКВЕШАНКА – Кавадарци издава и машини и опрема за утовар и истовар на стока.",65.546,11.913,162.581,26.959,189.540,15.122,MKAPTK101016,20.162
ATPP,N/A,N/A,N/A,N/A,N/A,N/A,N/A,,N/A,N/A,
AUMK,Аутомакедонија АД Скопје,Ул. 16-та Македонска бригадаN/A,N/A,N/A,N/A,MKATPP101011,12.945 бр. 2,Скопје,/,http://www.automakedonija.com.mk/,Христина Ружиновска,+389 2 3103 130,Основната дејност на друштвото е трговија со моторни возила и трговија на мало со делови за моторни возила.,516.151,26.635,377.848,318.090,695.937,243.461,MKAUMK101016,82.529
BANA,Рудници Бањани АД Скопје,"с. Кучевиште, Чучер Сандево",Скопје,/,/,Аница Пецевска Рајчиќ,+389 2 2666021,"Основна дејност на издавачот е вадење на декоративен камен за градежништво, суров гипс, креда и шкрилци. Главни производи се сепариран и микронизиран варовник во најразлични фракции. Главни услуги на издавачот се: бушење, минирање и транспорт.",73.693,4.494,161.634,5.555,167.189,39.498,MKBANI101012,65.502
BGOR,Кристал 1923 АД Велес,ул. Алексо Демниевски-Баумар бр. 18,Велес,contact@kristal.com.mk,http://www.kristal.com.mk/,Горанчо Лазов,+389 43 233 855,Прехрамбената индустрија “Кристал 1923” АД од Велес започнува со работа во 1923 година и како фабрика за масло работи до 1999 година кога е трансформирана во Прехрамбена индустрија поради широкиот асортиман на прехрамбени производи во сопствено производство. Друштвото до 2020 година работеше по називот Благој Ѓорев АД Велес,821.362,5.742,536.533,346.111,882.644,81.528,MKBLAG101016,516.000
BIKF,N/A,N/A,N/A,N/A,N/A,N/A,N/A,,N/A,N/A,N/A,N/A,N/A,N/A,MKBIKF101010,12.361
BIM,БИМ АД Свети Николе,Ул. Железничка бр.164,Свети Николе,,http://www.bim.com.mk,Стојанче Стојановски,+389 32 455 177,Главна дејност на БИМ АД Свети Николе е производство на материјали за хидроизолација на база битумен. БИМ АД Свети Николе е единствен производител на битуменски хидроизолациони материјали во Македонија.,747.822,43.688,508.895,17.496,526.391,157.910,MKBIMS101013,10.155
BLTU,Благој Туфанов АД Радовиш - долгорочно суспендирано од котација,ул. Маршал Тито ББ,Радовиш,/,/,Атанас Марковски,+389 70 275 743,"Приоритетна дејност на друштвото неспецијализирана трговија на големо. Односно, производство и преработка на овошје и зеленчук и надворешно-трговски промет.",0,,101.096,18.333,119.426,25.698,MKBLTU101017,256.984
CBNG,N/A,N/A,N/A,N/A,N/A,N/A,N/A,,N/A,N/A,N/A,N/A,N/A,N/A,MKCBCB101010,90.247
CDHV,N/A,N/A,N/A,N/A,N/A,N/A,N/A,,N/A,N/A,N/A,N/A,N/A,N/A,MKCDHV101019,6.000
CEVI,ФЗЦ 11-ти ОКТОМВРИ АД Куманово,11-ти Ноември 87А,Куманово,/,http://www.fzc11oktomvri.com.mk,/,+389 31 423 456,"Приоритетна дејност е производство на цевки, шупливи (издлабени) профили и слични производи од челик. ФЗЦ 11 Октомври АД од Куманово е голема компанија со релативно мал домашен пазар, поради што е извозно ориентирана и ги следи побарувањата на националните пазари во Регионот и Западна Европа, а повремено е присутна и на останатите пазари во Светот. Фабриката располага со многу широк асортиман на производи од областа на заварени челични цевки и профили кои наоѓаат примена во повеќе сегменти од стопанството, како елементи за цевководи и челични конструкции во градежништво, индустријата, сообраќај, рударство, земјоделието, и други стопански гранки.",194.281,-88.704,95.167,982.437,1.077.604,196.400,MKCEVI101017,491.000
CKB,Централна кооперативна банка АД Скопје,ул. 1732 бр. 2,Скопје,info@ccbank.mk,http://www.ccbank.mk/,Борка Цветановска,+389 2 3249 300,Банката е правно лице чија основна дејност е прибирање на депозити и други повратни извори на средства од јавноста и одобрување на кредити во свое име и за своја сметка.,634.491,54.494,1.361.790,11.014.823,12.376.613,193.580,MKSILB101014,553.087
CKBKO,Централна кооперативна банка АД Скопје,ул. 1732 бр. 2,Скопје,info@ccbank.mk,http://www.ccbank.mk/,Борка Цветановска,+389 2 3249 300,Банката е правно лице чија основна дејност е прибирање на депозити и други повратни извори на средства од јавноста и одобрување на кредити во свое име и за своја сметка.,634.491,54.494,1.361.790,11.014.823,12.376.613,193.580,MKSILB101014,553.087
DEBA,Дебарски Бањи –Цапа АД  Дебар,ул.”8-ми Септември” бр. 9,Дебар,info@bdcapa.com,http://www.bdcapa.com,Трим Ќемали,+389 46 831 424;  +389 46 831 401,Основната дејност на “Дебарски Бањи-Цапа” А.Д. Дебар е дејности на специјалистичка медицинска пракса,203.381,14.546,251.344,104.702,356.046,32.550,MKDEBA101018,21.000
DIMI,Димко Митрев АД Велес,ул.Димко Најдов бр.94,Велес,/,http://www.dimkomitrev.com.mk,Мери Кировска,+389 43 232144,"Друштвото за производство и трговоија на крзно и крзненни производи Димко Митрев АД увоз- извоз Велес е основано како претпријатие за сите видови на ќурчински производи на 29.05.1947 година и е трансформирано во акционерско друштво согласно ЗТД на 07.05.1997 година. Претежна дејност на друштвото доработка и боење на крзно и производство на предмети од крзно. Ги произведува следните производи: крзнени топлинки , крзнени теписи (ткаени и шиени) автопреслаки од природно крзно, производи од медицинско крзно (беби вреќи, крзнени ќебиња, ТИР форма идр.) ХТЗ ракавици, ХТЗ производи (технички бунди, шоферски бунди, заштитни елеци, работни одела и мантили) кожна и крзнена галантерија (вентијаги од напа, крзнени перничиња, теписерии, стапки др.). Производството е претежно ориентирано за извоз посебно спрема скандинавскиот пазар и пошироко.",288.390,188,141.906,241.498,383.404,7.400,MKDIMI101013,40.000
EDST,N/A,N/A,N/A,N/A,N/A,N/A,N/A,,N/A,N/A,N/A,N/A,N/A,N/A,MKEDST101018,331.792
ELMA,N/A,N/A,N/A,N/A,N/A,N/A,N/A,,N/A,N/A,N/A,N/A,N/A,N/A,MKELMA101015,300.000
ELNC,N/A,N/A,N/A,N/A,N/A,N/A,N/A,,N/A,N/A,N/A,N/A,N/A,N/A,MKIGME101014,24.999
ENER,N/A,N/A,N/A,N/A,N/A,N/A,N/A,,N/A,N/A,N/A,N/A,N/A,N/A,MKENER101014,3.359
ENSA,N/A,N/A,N/A,N/A,N/A,N/A,N/A,,N/A,N/A,N/A,N/A,N/A,N/A,MKENSA101017,500
EUHA,N/A,N/A,N/A,N/A,N/A,N/A,N/A,,N/A,N/A,N/A,N/A,N/A,N/A,MKEUHA101011,201.000
EUMK,N/A,N/A,N/A,N/A,N/A,N/A,N/A,,N/A,N/A,N/A,N/A,N/A,N/A,MKEUMK101012,136
EVRO,Европа АД Скопје,ул. 808 бр. 8,Скопје,evropa@evropa.com.mk,http://www.evropa.com.mk,Емилија Стојановска,+389 2 3114 066,"Европа Скопје е една од најстарите компании во кондиторската индустрија на Балканот основана во 1882 година. Пренесувајќи го искуството низ повеќе генерации, постојано зголемување на квалитетот и побарувачката за производите станува она што е денес – стабилна индустриска компанија со производство од околу 5.000 тона годишно и продажба на домашен пазар (36%) и странски пазар (64%). Основната дејност на ЕВРОПА Скопје е производство на кондиторски производи. Компанијата ги произведува и продава следниве групи на производи кои можат да се најдат во најразлични пакувања: Какао производи, десерти и локум - таблирани млечни чоколади, полнети чоколади, чоколади со додатоци, какао крем производи, чоколадни лиени десерти, бонбониери, крем банани, пралине десерти, штангли, гумени и желе бонбони, локум со и без додатоци; Бонбонски производи - филовани бонбони со разни ароми, тврди дропс бонбони, млечна, лешник, кокос, овошни карамела, бастуми со разни ароми; Вафли и колачи – вафли со различни вкусови, чоколадирани вафли и колачи од пченично и интегрално брашно.",897.851,36.765,1.010.555,136.808,1.147.363,763.426,MKEVRO101012,255.583
FAKM,ФАКОМ АД Скопје,ул.Булевар Александар Македонски бр. 18,Скопје,info@fakom.com.mk,http://www.fakom.com.mk,Виолета Цветковска,+389 2 5513 100,"Основната дејност на ФАКОМ АД - Скопје е проектирање,производство и монтажа на челична конструкција и делови на конструкции, сите видови на заварени носачи и изградба и како монтажа на опрема за капитални индустриски и термоенергетски објекти.",1.079.627,70,515.012,880.287,1.395.299,467.928,MKFAKM101015,67.000
FERS,Фершпед АД Скопје,ул. Македонија бр. 11-А,Скопје,email@fersped.com.mk,http://www.fersped.com.mk,Лидија Трајковиќ,+389 2 3149 444,"Фершпед АД Скопје е друштво за меѓународна и внатрешна шпедиција со јавни и царински складишта. Услугите на компанијата од областа на транспорт, шпедиција, царинење, складиштење ги користат најголемите претпријатија во Република Македонија, како и фирми од балканските  земји, западна и источна Европа. Освен со шпедиција како основна дејност, компанијата се занимава и со меѓународна трговија, брокерство, банкарство, хотелиерство, винарство и игри на среќа преку  купување акции во тие дејности од стопанството.",4.652.073,153.629,2.396.158,343.791,2.739.949,931.008,MKFERS101018,18.113
FKTL,N/A,N/A,N/A,N/A,N/A,N/A,N/A,,N/A,N/A,N/A,N/A,N/A,N/A,MKFKTL101015,2.500
FROT,N/A,N/A,N/A,N/A,N/A,N/A,N/A,,N/A,N/A,N/A,N/A,N/A,N/A,MKFROT101015,63.495
FUBT,Фустеларко Борец АД Битола,ул. Бурса бр. 65,Битола,contact@fustelarko.com.mk,http://fustelarko.com.mk/,Љубе Петковски,+389 47 239 200,"Основна дејност на друштвото е изработка на амбалажни кутии од картон за комецијално пакување на производите од: тутунската, прехрамбената, хемиската, текстилната, фармацевстката, козметика и др. индустрија. Инсталиран капацитет на друштвото е преработка на хромокартон од бруто 4.500 тони. Искористеноста на капацитетот се движи околу 50%, се изработуваат најразновидни кутии по големина и дизајн, по желба на купувачот по негово или идејно решение на друштвото. Суровините и репроматеријалите друштвото ги набавува претежно од странство и тоа најголемо учество на набавка на хромокартон е од ЕУРОПАПЕР- Словенија и ВАСИЛИАДИС-Грција. Друштвото располага со стручен кадар од идеја да направи најмодерна амбалажна кутија која најдобро го рекламира производот на малопродажните места. Технолошкиот процес на производството е најсовремен со увозни машини од најнов тип и најквалитетни увозни суровини и репроматеријали. Технолошкиот процес започнува со фотолито припрема, офсет печатење во повеќе бои , лакирање, штанцање и лепење (машински и рачно).",356.350,49.957,291.979,83.489,375.468,150.661,MKFUBT101015,71.709
GALE,N/A,N/A,N/A,N/A,N/A,N/A,N/A,,N/A,N/A,N/A,N/A,N/A,N/A,MKGALE101013,40.278
GDKM,N/A,N/A,N/A,N/A,N/A,N/A,N/A,,N/A,N/A,N/A,N/A,N/A,N/A,MKGRDI101010,3.000
GECK,Герас Цунев Конфекција АД Струмица,Ул. Гоце Делчев бр. 50,Струмица,mkgeras@t-home.mk,/,Катерина Бојовиќ Заева,+389 34 347 811,"Основна дејност на Друштвото КОНФЕКЦИЈА ГЕРАС ЦУНЕВ АД СТРУМИЦА од која се остваруваат приходите е производство на друга горна облека. Покрај основната дејност, во внатрешниот правен промет Друштвото има регистрирано уште над 70 дејности, како и надворешно – трговски промет",2.092,-1.327,-20.543,35.181,14.638,33.996,MKGECK101012,67.992
GECT,Герас Цунев Трговија АД Струмица,Ул. Гоце Делчев бр. 50,Струмица,/,/,Јорданчо Трајков,+389 34 34 7811,"Приоритетна дејност на Друштвото е трговија на големо со текстил. Покрај основната дејност, во внатрешниот правен промет Друштвото има регистрирано уште над 70 дејности, како и надворешно – трговски промет",4.562,-2.072,65.736,2.343,68.079,34.338,MKGECT101013,68.676
GIMS,N/A,N/A,N/A,N/A,N/A,N/A,N/A,,N/A,N/A,N/A,N/A,N/A,N/A,MKGIMS101018,12.836
GRDN,N/A,N/A,N/A,N/A,N/A,N/A,N/A,,N/A,N/A,N/A,N/A,N/A,N/A,MKGRDN101013,14.598
GRNT,Гранит АД Скопје,ул. Димитрие Чуповски бр.8,Скопје,granit@granit.com.mk,http://www.granit.com.mk,Виолета Петрушевска,+389 2 3218 700,"ГД Гранит АД Скопје е градежна компанија на која основна дејност и е проектирање, изградба и надзор во градежништвото- нискоградба, хидроградба, високо градба, изведба на електро инсталации,патишта, мостови, тунели, производство на градежни материјали и сл. Компанијата има свои претставништва во Германија, Русија, Албанија, Бугарија, Украина, Хрватска и Црна Гора.",5.122.483,127.117,6.365.343,1.815.714,8.181.057,3.621.921,MKGRNT101015,3.071.377
GRSN,N/A,N/A,N/A,N/A,N/A,N/A,N/A,,N/A,N/A,N/A,N/A,N/A,N/A,MKGRSN101016,147.192
GRZD,Грозд АД Струмица,ул. Цветан Димов ББ,Струмица,/,/,Васе Митев,+389 34 344 249,АД Грозд Струмица е друштво за производство и трговија на алкохолни и безалкохолни пијалоци.,359.256,4.182,1.022.620,87.676,1.110.296,57.490,MKGRZD101019,25.551
GTC,ГТЦ АД Скопје,Ул. Кеј 13-ти Ноември Бр. Кула 2,Скопје,smetkovodstvo@gtcskopje.com.mk,http://www.gtcskopje.com.mk,Васе Мицевски,+389 2 3134 083,Основна дејност на друштвото е стопанисување со деловен простор во еден системски и функционално поврзан деловен објект во центарот на градот.,245.931,-28.180,648.082,150.998,799.080,3.304.922,MKGTCS101017,1.846.325
GTRG,N/A,N/A,N/A,N/A,N/A,N/A,N/A,,N/A,N/A,N/A,N/A,N/A,N/A,MKGEGO101014,10.526
IJUG,N/A,N/A,N/A,N/A,N/A,N/A,N/A,,N/A,N/A,N/A,N/A,N/A,N/A,MKIJUG101019,14.116
INB,N/A,N/A,N/A,N/A,N/A,N/A,N/A,,N/A,N/A,N/A,N/A,N/A,N/A,MKINBA101012,2.095.415
INHO,Интернешнел Хотелс АД Скопје,бул. Александар Македонски бб,Скопје,info@hotelcontinental.com.mk,http://www.hotelcontinental.com.mk/,Никола Соколовски,+389 2 3 116 599  +389 2 3 133 333,"Интернешенал Хотелс АД Скопје е компанија која раководи со Хотел Континентал во Скопје, Македонија. Хотелот нуди удобност во 194 соби и 6 апартмани, сите опремени со клима уред, директна телефонска линија и мини бар. Во склоп на Хотелот има ресторант, ноќен клуб, бизнис центар, салон за убавина и продавница за подароци.",69.479,-3.049,147.946,86.298,234.244,2.124.869,MKINHO101010,530.554
INOV,N/A,N/A,N/A,N/A,N/A,N/A,N/A,,N/A,N/A,N/A,N/A,N/A,N/A,MKINOV101012,7.000
INPR,Интерпромет АД Тетово,ул. 152 бр.1/А,Тетово,interpromet@hotmail.com,http://www.interpromet.mk,/,+389 44 336 163,Трговија на мало во неспецијализирани продавници.,15.078,59.820,166.285,1.350,167.635,229.298,MKINPR101017,50.955
INTP,N/A,N/A,N/A,N/A,N/A,N/A,N/A,,N/A,N/A,N/A,N/A,N/A,N/A,MKINTP101015,54.560
JAKO,N/A,N/A,N/A,N/A,N/A,N/A,N/A,,N/A,N/A,N/A,N/A,N/A,N/A,MKJAKO101019,7.300
JUSK,N/A,N/A,N/A,N/A,N/A,N/A,N/A,,N/A,N/A,N/A,N/A,N/A,N/A,MKJUSK101011,2.042
KARO,N/A,N/A,N/A,N/A,N/A,N/A,N/A,,N/A,N/A,N/A,N/A,N/A,N/A,MKKARA101015,95.699
KDFO,N/A,N/A,N/A,N/A,N/A,N/A,N/A,,N/A,N/A,N/A,N/A,N/A,N/A,MKKDFO101010,93.574
KJUBI,Македонија осигурување АД Скопје - Виена Иншуренс Груп,ул. 11-ти Октомври бр.25,Скопје,info@insumak.mk,http://www.insumak.mk,Горан Матески,+389 2 3115 188,"Приоритетната дејност на издавачот е неживотно осигурување, додека како дејности во внатрешниот промет се:неживотно осигурување, реосигурување, процена на ризици и штети и дејности на застапници во осигурување и осигурителни посредници",1.136.239,37.106,1.562.525,1.126.191,2.688.716,887.500,MKKJUB101010,919.162
KKST,N/A,N/A,N/A,N/A,N/A,N/A,N/A,,N/A,N/A,N/A,N/A,N/A,N/A,MKKKST101011,2.500
KLST,Кланица со ладилник АД Струмица,ул. Климент Охридски бр. 45,Струмица,/,/,Милка Ичоќаева,+389 34 322 516,Основна дејност на Друштвото е колење и преработка на ситен и крупен добиток.,278.948,528,107.907,68.501,176.408,40.560,MKKLST101010,338.004
KMB,Комерцијална банка АД Скопје,ул. Васил Иљоски 3,Скопје,contact@kb.mk,https://kb.mk,М-р Марина Момироска,+ 389 2 316 8391,"Комерцијална Банка АД Скопје(Банката) е банка која нуди универзални банкарски услуги. Банката има мрежа од седум филијали, 42 експозитури низ Републиката, најголема трговска и втора по големина мрежа на банкомати со цврста позиција во делот на работење со картички. Банката има добра позиција на пазарот со значајно учество на пазарот од 20-50%, зависно од територијата на делување. Таа обезбедува широка палета на услуги за физички и правни лица, во кои спаѓаат универзалните банкарски работи, како работење со хартии од вредност, осигурителни полиси, трансфер на пари преку Western Union, старателско работење и друго. Банката е присутна и во електронското банкарство нудејќи електронски плаќања во домашниот платен промет и развивање на електронското банкарство во платниот промет со странство. Седиштето на Банката е во Скопје, Македонија.",7.898.110,3.602.377,18.102.359,145.578.978,163.681.337,32.423.899,MKKMBS101019,2.279.067
KMPR,N/A,N/A,N/A,N/A,N/A,N/A,N/A,,N/A,N/A,N/A,N/A,N/A,N/A,MKKMPR101014,45.772
KOMU,ДС Смитх АД Скопје,"ул. 1632, бр. 1",Скопје,office.skopje@dssmith.com,http://www.dssmith.com/mk/packaging,Тихомир Бејатовиќ,+389 2 551081,"ДС СМИТХ АД Скопје е компанија која се занимава со производство на брановиден картон и амбалажа со седиште во Скопје. Производната програма опфаќа широка палета на производи кои ги користат следните индустрии: прехрамбена, земјоделска, винарска, автомобилска, текстилна, хемиска, фармацевтска и други. Главен акционер на ДС СМИТХ АД Скопје е DS Smith Packaging South East GmbH од Виена.",1.078.990,25.895,391.070,725.746,1.116.816,133.920,MKKOMU101010,279.000
KONF,N/A,N/A,N/A,N/A,N/A,N/A,N/A,,N/A,N/A,N/A,N/A,N/A,N/A,MKKONF101018,680.272
KONZ,Фруктал Мак АД Скопје,с. Моране,Скопје,fructalmak@fructal.com.mk,http://www.fructal.com.mk,Зоран Ѓуриќ,+3892 2 785 260,"Основна дејност на компанијата Фруктал Мак АД Скопје е производство на високо квалитетни овошни сокови, нектари и пијалаци изработени без конзерванси притоа користејќи го најдоброто и најсочното овошје од Македонија, споено со знаењето и технологијата на стручњаците на Фруктал од Словенија. Фабриката Фруктал Мак а.д. Скопје е лоцирана на патот кон Зелениково на 15 км од Скопје, во еколошки чиста околина. Се простира на површина од 192.000 м2 од кои голем дел се овоштарници насадени со праски, кајсии и јаболки. Денес фабриката брои 70 вработени. Се произведуваат готови производи за домашен и странски пазар (Босна и Херцеговина, Србија, Косово и Црна Гора).",444.047,20.193,360.382,226.744,587.126,205.219,MKKONZ101014,1.724.530
KORZ,N/A,N/A,N/A,N/A,N/A,N/A,N/A,,N/A,N/A,N/A,N/A,N/A,N/A,MKKORZ101010,156.466
KPSS,Фабрика Карпош АД Скопје,Ул. Ацо Шопов бр. 76,Скопје,info@fabrikakarpos.com.mk,/,N/A,+389 2 2031 523,"Фабрика Карпош АД Скопје е друштво за проектирање, производство и монтажа на бетонски полуфабрикати, станови, индустриски објекти, мостови и далноводи.",915.587,39.820,503.320,1.282.291,1.785.611,99.604,MKFKAR101010,299.112
KULT,N/A,N/A,N/A,N/A,N/A,N/A,N/A,,N/A,N/A,N/A,N/A,N/A,N/A,MKKULT101016,44.000
KVAS,N/A,N/A,N/A,N/A,N/A,N/A,N/A,,N/A,N/A,N/A,N/A,N/A,N/A,MKKVAS101019,12.500
LAJO,N/A,N/A,N/A,N/A,N/A,N/A,N/A,,N/A,N/A,N/A,N/A,N/A,N/A,MKLAJO101018,1.500
LHND,N/A,N/A,N/A,N/A,N/A,N/A,N/A,,N/A,N/A,N/A,N/A,N/A,N/A,MKLHND101018,55.100
LOTO,Лотарија на Македонија АД Скопје,ул. Македонија бр. 11а,Скопје,contact@lotarija.com.mk,http://www.lotarija.com.mk,Мирјана Настовска - Митрова,+389 2 3 235 100,"Основна дејност на Лотарија на Македонија АД Скопје е дејност на коцкање и обложување. Во моментов друштвото посебните игри на среќа-игри на среќа во автомат клуб, ги приредува во 3 (три) автомат клубови за кои има Лиценци.",25.564,3.870,323.686,2.940,326.626,29.077,MKLOTO101010,161.540
LOZP,Пелистерка АД Скопје,Булевар Кочо Рацин 97,Скопје,info@pelisterka.com.mk,http://www.pelisterka.mk,Дејан Панделески,+389 2 3221 109,"Во рамките на предметот на работењето приоритетна дејност на друштвото е производство на освежителни пијалоци; производство на минерална вода и друга флаширана вода. Покрај производството на освежителни пијалоци, минерална вода и друга флаширана вода Пелистерка АД Скопје е регистрирано и за вршење на повеќе други дејности согласно статутот на друштвото.",496.819,3.255,544.214,559.192,1.103.406,131.421,MKLOZP101011,50.180
MAGP,N/A,N/A,N/A,N/A,N/A,N/A,N/A,,N/A,N/A,N/A,N/A,N/A,N/A,MKMAGP101019,250
MAKP,Макпромет АД Штип,ул. Др Слободан Јовановски бр.3,Штип,info@makpromet.com.mk,http://www.makpromet.com.mk,Јованова Јадранка,+389 32 390 558,"МАКПРОМЕТ АД Штип е основана на 29.12.1973 година. Својата дејност ја обавува преку четири друштва со ограничена одговорност кои се занимаваат со производство на кондиторски производи, производство на леб и бели пецива, графичка индустрија и трговија. Пренесувајќи го искуството низ повеќе генерации, Макпромет АД Штип денес е индустриска компанија која настапува на домашниот и странскиот пазар со широк асортиман на производи.",411.842,26.340,400.017,157.473,557.490,35.996,MKMAKP101013,59.993
MAKS,Макотекс АД Скопје,ул. Никола Парапунов бр. 41,Скопје,makotex@mt.net.mk,http://www.makotex.com.mk,Сашо Стрезоски,+389 2 3238 927,"Макотекс АД Скопје е компанија чија примарна орентација е насочена кон големопродажба, увоз-извоз на текстил и облека, магацинско работење и туризам. Претставништвото на Макотекс АД се наоѓа во Скопје, Македонија.",23.395,-201,204.643,3.434,208.077,1.881,MKMAKT101019,94.063
MB,N/A,N/A,N/A,N/A,N/A,N/A,N/A,,N/A,N/A,N/A,N/A,N/A,N/A,MKMBDH101011,2.792
MERM,Мермерен комбинат АД Прилеп,ул. Леце Котески бр.60А,Прилеп,info@mermeren.com,http://www.mermeren.com,Емилија Апостолоска,+389 48 418 940,"Приоритетна дејност на Друштвото е вадење на декоративен камен и камен за градежништво, варовник, суров гипс, креда и шкрилци.",1.801.448,843.234,2.192.664,96.253,2.288.917,12.068.659,MKMERM101015,4.686.858
MKSD,Макошпед АД Скопје,ул. Македонија бр. 19,Скопје,info@makosped.com.mk,http://www.makosped.com.mk,Стефан Станкоски,+389 2 3171 011,"ТД Макошпед АД Скопје се вбројува во редот на најпознатите шпедитерски куќи на Балканот и во Европа. Компанијата се занимава со царинско застапување, секаков вид на транспорт, осигурување на стока при транспорт, увоз-извоз, маркетинг и складирање.",48.656,9.387,982.485,4.400,986.885,173.453,MKMAKO101014,788.424
MLKR,N/A,N/A,N/A,N/A,N/A,N/A,N/A,,N/A,N/A,N/A,N/A,N/A,N/A,MKIMBM101019,108.589
MODA,Мода АД Свети Николе,ул.М.ТИТО 79,Свети Николе,angel@ad-moda.com,http://www.ad-moda.com,Ангел Димитров,+389 32 440 888,"А.Д. МОДА од Св.Николе преставува правен следбеник на некогашното претпријатие за производство на јоргани и рачно јазлени килими „Свила“ од Св.Николе, основано во далечната 1955 год. Во периодот од 1963 до 1968 год. претпријатието воведува и други дејности и тоа: “конфекционирање на синтетички јамболии”, “производство на трикотажа” и “производство на лесна конфекција” која се одржала како основна дејност се до ден денес. На 31.08.1979 год. е извршена промена на називот на тогашната ООЗТ “Свила” и го добива називот: “ООЗТ за производство на текстилни производи Мода - Св.Николе”. На 05.01.1996 год. Агенцијата на Република Македонија за трансформација на претпријатијата со општествен капитал склучи договор со Германската фирма “CASA MODA Heinrich Katt” за продажба на АД “Мода”-Св.Николе. Од тогаш до ден денес АД „Мода“ својот развој и постигнувања го темели на соработката со оваа германска компанија која е меѓу водечките производители на облека во Европа. Главниот производ е машката кошула и годишно се произведуваат над еден милион парчиња.",242.626,-18.950,176.769,43.845,220.614,141.730,MKMODA101013,1.431.617
MPOL,Хотели Метропол Охрид,нас.Коњско,Охрид,info@metropol-ohrid.com.mk,http://www.metropol-ohrid.com.mk,Филип Мишевски,+389 46 203001,"Хотели Метропол АД Охрид е компанија која се занимава со туризам и угостителство. Располага со три хотели со класа 4 ѕвезди сместени во крајбрежјето на Охридското езеро:Хотел Метропол- капацитет од 110 соби, 6 апартмани, Хотел Турист- хотел со три ѕвезди, 88 соби, Хотел Белви – со 4 ѕвезди, 170 соби, 4 апартмани. Хотелите се опремени со конференциски сали, ресторан и бар, спортско рекреативни центри, и спа центри. Главен акционер на Хотелите Метропол е компанијата Фершпед АД Скопје.",198.451,26.831,470.836,36.001,506.837,310.500,MKMPOL101016,1.035.000
MPT,Макпетрол АД Скопје,ул. Св.Кирил и Методиј  бр.4,Скопје,normativa@makpetrol.com.mk,http://www.makpetrol.com.mk,Мери Забазноска,+389 2 3112 144,"Макпетрол АД Скопје е компанија која се занимава со снабдување на нафта и нафтени деривати во Република Македонија. Производниот асортиман на компанијата располага со квалитетни горива на пазарот, биогорива, природен гас, најразлични видови мазива со врвен квалитет за комерцијалните возила и индустријата. Во рамките на својата пазарна стратегија, компанијата ги покрива и следните сегменти: трговија со метали, производи за широка потрошувачка, производи на автоиндустријата, и аудиовизуелни уреди. Дел од активноститена Макпетрол АД Скопје претставуваат и комплексите на технолошки синџири и системи што се сложени и имаат потреба од логистичка поддршка на повисоко ниво.",30.220.658,785.242,7.835.903,1.460.682,9.296.585,7.234.647,MKMPTS101014,112.382
MPTE,N/A,N/A,N/A,N/A,N/A,N/A,N/A,,N/A,N/A,N/A,N/A,N/A,N/A,MKMPTE101010,7.232
MTUR,Македонијатурист АД Скопје,ул.Филип Втори Македонски бр.5,Скопје,maktur@makedonijaturist.com.mk,http://www.makedonijaturist.com.mk/,Мирјана Таневска Ефремова,+389 2 3292 731,"ХУАД Македонијатурист е друштво која работи во дејноста со хотели и ресторани како и во туристичката дејност. Компанијата работи со пет хотели: Холидеј Ин - 5* Супериор, Бест Вестерн Хотел Турист, Хотел Карпош, Хотел Белви и Хотел Водно.",341.666,96.394,2.876.918,61.984,2.938.902,2.159.081,MKMTUR101018,452.247
MZHE,Вабтек МЗТ АД Скопје,Ул Перо Наков бр.124,Скопје,/,/,Дејан Димитриевски,+389 2 25813 30,Основна дејност на друштвото е производство на друштвото на сопирачка опрема за шински возила,2.361.798,-200.511,-1.664.978,4.363.252,2.698.274,251.564,MKMZHE101012,80.295
MZPU,МЗТ Пумпи АД Скопје,ул. Перо Наков 126,Скопје,info@pumpi.com.mk/,http://www.pumpi.com.mk/,Весна Митреска Ивановска,+389 2 2549 817,"Приоритетна дејност на МЗТ ПУМПИ АД Скопје е производство и монтажа на пумпи, турбини, хидраулична и еколошка опрема и компресори. Производство на други пумпи и компресори",201.557,5.304,289.264,154.942,444.206,38.884,MKMZTP101015,64.059
NEME,Неметали Огражден АД Струмица,ул. Маршал Тито бр.239,Струмица,contact@ograzden.com.mk,/,Зоран Партенов,+389 34 326 888,Основна дејност на „Огражден“ АД Струмица е експлоатација и преработка на минерални суровини,255.403,12.899,191.414,308.743,500.157,76.409,MKNEMS101013,40.215
NOSK,Нова Стоковна куќа АД Струмица,Ул Благој Јанков-Мучето  бр.25,Струмица,/,/,Цвета Белчовска,+389 34 323 190,Основна дејност на „НОВА СТОКОВНА КУЌА“ АД Струмица е издавање и управување со сопствен недвижен имот или недвижен имот земен под закуп.,30.922,15.939,113.660,2.350,205.508,76.814,MKNOSK101013,1.249
OBPP,N/A,N/A,N/A,N/A,N/A,N/A,N/A,,N/A,N/A,N/A,N/A,N/A,N/A,MKOBPP101015,500
OILK,ОИЛКО КДА Скопје,Ул.10 Бр.152 МИЛАДИНОВЦИ  -   ИЛИНДЕН,Скопје,normativ@oilco.com.mk,http://www.oilco.com.mk,Марија Ковачка,+389 2 2520 693,Основната дејност на ОИЛКО КДА Скопје е транспорт и дистрибуција на нафтени деривати.,669.577,238.303,1.967.062,58.051,2.025.113,1.505.538,MKOILK101017,250.923
OKTA,ОКТА АД Скопје,"ул. 1 бр. 25, с. Миладиновци",Скопје,/,http://www.okta-elpe.com,Огнена Ничота Стаменкова,+ 389 2 2532 000,"Во 1982 година, со почетокот на работата на процесните постројки, ОКТА АД Скопје го доживува своето раѓање и оттогаш до денес е поврзана со уште еден синоним-единствена рафинерија на сурова нафта во нашата држава. Пред почетокот на новиот милениум, ОКТА започнува да ја создава својата нова иднина како дел од големата групација за рафинирање, дистрибуција, трговија со сурова нафта, нафтени деривати и петрохемиски производи - Хеленик Петролеум. ОКТА постои како рафинерија која има развиено и своја малопродажна мрежа од 27 ребрандирани бензински станици. ОКТА планира и понатамошно ширење на својата малопродажна мрежа со што би се обезбедило целосно задоволување на потребите за нафтени деривати на потрошувачите во сите региони во нашата држава.",49.236.143,191.686,4.851.878,2.006.885,6.858.760,4.223.336,MKOKTA101017,846.360
OMOS,N/A,N/A,N/A,N/A,N/A,N/A,N/A,,N/A,N/A,N/A,N/A,N/A,N/A,MKOMOS101010,50.000
OPFO,N/A,N/A,N/A,N/A,N/A,N/A,N/A,,N/A,N/A,N/A,N/A,N/A,N/A,MKOPFO101012,12.000
OPTK,N/A,N/A,N/A,N/A,N/A,N/A,N/A,,N/A,N/A,N/A,N/A,N/A,N/A,MKOPTK101010,12.536
ORAN,Оранжерии Хамзали Струмица,"С. Хамзали бб, Босилово",Струмица,adhamzali@yahoo.com,http://www.adoranzerii-hamzali.com.mk,Слободанка Панова,+389 34 375 884,"АД Оранжерии Хамзали, општина Босилево е акционерско друштво чија претежна дејност е производство на раноградинарски култури: разни сорти на домати, краставици, блага пиперка, лута пиперка,зелка, компир,жито и др.",743.779,29.500,639.230,494.092,1.133.322,224.193,MKORAS101011,727.899
OSPO,N/A,N/A,N/A,N/A,N/A,N/A,N/A,,N/A,N/A,N/A,N/A,N/A,N/A,MKOSPO101017,300.901
OTEK,N/A,N/A,N/A,N/A,N/A,N/A,N/A,,N/A,N/A,N/A,N/A,N/A,N/A,MKOTEK101013,488.736
PELK,N/A,N/A,N/A,N/A,N/A,N/A,N/A,,N/A,N/A,N/A,N/A,N/A,N/A,MKPELK101010,5.038
PGGV,N/A,N/A,N/A,N/A,N/A,N/A,N/A,,N/A,N/A,N/A,N/A,N/A,N/A,MKPEGS101019,1.597
PKB,Пекабеско АД Кадино Илинден,Ул. 10 Бр. 44 с.Кадино,"1041 Илинден, Скопје",pekabesko@pekabesko.com.mk,http://www.pekabesko.com.mk/mk-mk,Роберт Богатинов,+389 2 2656 565,"Пекабеско АД од Скопје е компанија формирана во 1979 година чија основна дејност е производство на сувомесни производи и дистрибуција на храна и цигари. Во 1998 година друштвото започна со производство на сувомеснати производи под брендот Пекабеско. Палетата на сувомеснати производи опфаќа најразлични видови трајни, димени и полутрајни производи. Покрај производството, врши дистрибуцијата на стока на повеќе домашни и странски комапании и е клучна дејност на Пекабеско. Техничките можности, но човечките ресурси и кадар, овозможуваат Пекабеско да заземе едно од водечките места во дистрибутивната дејност во Македонија со што секојдневно врши дистрибуција за десетици домашни и меѓународни компании, односно на повеќе од 270 различни производи. Во 2012 година изграден e новиот Производствено – логистички центар на Пекабеско, лоциран во с.Кадино, општина Илинден.",5.463.633,146.461,1.541.572,837.694,2.379.265,535.425,MKPKBS101016,32.450
POPK,Попова Кула АД Демир Капија,Булевар на виното број 1,Демир Капија,contact@popovakula.com.mk,http://www.popovakula.com.mk,Гордана Трајкова,+389 2 3216 716,Основната дејност на Попова Кула АД Демир Капија е производство на вино од грозје.,58.455,1.712,119.989,59.147,179.136,43.200,MKPOPK101014,2.700.000
PPIV,Прилепска пиварница АД Прилеп,ул. Цане Кузмановски бр. 1,Прилеп,pravnik@pripiv.com.mk,http://prilepskapivarnica.com.mk/,Сашко Самарџиоски,+389 48 421 450,"Прилепска Пиварница е друштво основано во 1924 година со основна дејност производство и дистрибуција на пиво и безалкохолни пијалоци. Заштитен знак на Прилепска Пиварница се висококвалитетните пива Златен Даб и Крали Марко, како едни од водечките домашни брендови на пиво. Прилепска Пиварница е овластен дистрибутер на светски познатите пива Tuborg и Carlsberg. Друштвото произведува и освежителен газиран безалкохолен пијалак Газоза, а како овластен полнител на безалкохолни пијалaци, ги полни пијалаците на Pepsi Cola International: Pepsi, Pepsi Lime, Pepsi Max, 7UP, Mirinda Lemon и Mirinda Orange. Прилепска пиварница А.Д. Прилеп е овластен дистрибутер за минералната вода Књаз Милош и Аква вива, енергетскиот пијалак Гуарана, како и ледените чаеви Липтон и негазираните освежителни безалкохолни пијалаци Тјуб.",2.079.974,122.133,2.467.844,242.174,2.710.018,1.201.572,MKPPIV101019,39.918
PROD,N/A,N/A,N/A,N/A,N/A,N/A,N/A,,N/A,N/A,N/A,N/A,N/A,N/A,MKPROD101011,50.882
PROT,N/A,N/A,N/A,N/A,N/A,N/A,N/A,,N/A,N/A,N/A,N/A,N/A,N/A,MKPROT101013,1.500
PTRS,N/A,N/A,N/A,N/A,N/A,N/A,N/A,,N/A,N/A,N/A,N/A,N/A,N/A,MKPRTS101019,1.952
RADE,Раде Кончар- Апаратна техника АД Скопје,Булевар 3-та Македонска бригада ББ,Скопје,rk@radekoncar-ad.com.mk,http://www.radekoncar-ad.com.mk,Лазаревски Татјана,+ 389 2 2402 481,"Друштвото функционира како холдинг компанија со повеќе самостојни друштва со ограничена одговорност и успешно функционира како самостојно инвестициско друштво. Во својата палета на производи и услуги друштвото се занимава со производство на  производство на AC и DC управувани моторни и помошни контактори , модуларни контактори, биметални релеи, нисконапонски прекинувачи, брегасти склопки, електронски временски релеи, тастери, со еден збор, ги произведува сите основни елементи на релејно контакторско управување и останати електрични постојки како и сервис и поправка на електрични производи.",2.794,30.324,341.216,8.363,349.579,288.722,MKRADE101010,206.230
REPL,Реплек АД Скопје,Ул.Козле 188,Скопје,info@replek.mk,http://www.replek.mk/,Офелија Петковиќ,+389 2 3081 343,"Реплек е компанија чија главна дејност е производство на фармацевтски производи, козметички производи и производи од канабис. Производниот асортиман на компанијата располага со високо квалитетни производи, за чие производство компанијата има и EU GMP сертификат за квалитет. Во рамките на пазарната стратегија, компанијата се фокусира и кон трговија т.е. увоз на лекови, додатоци во исхрана и медицински помагала, регистрација и маркетирање на лекови, логистика како и развој и поддршка на продажни стратегии за различни пазари и партнери. Во моментов компанијата е застапена во 20 земји ширум светот. Со обезбедување на високо квалитетни услуги и производи, компанијата има значајно место на домашниот фармацевтски пазар. Со постојаниот развој на иновативни производи и услуги, компанијата ја промовира добросостојбата кај сите учесници – корисниците, вработените и секако акционерите.",1.587.371,280.628,2.298.036,703.197,3.001.233,2.410.560,MKREPL101013,259.200
RIMI,N/A,N/A,N/A,N/A,N/A,N/A,N/A,,N/A,N/A,N/A,N/A,N/A,N/A,MKRIMI101017,104.569
RINS,N/A,N/A,N/A,N/A,N/A,N/A,N/A,,N/A,N/A,N/A,N/A,N/A,N/A,MKRINS101014,14.070
RZEK,РЖ Економика АД Скопје,"П Фах 736, пошта 1001",Скопје,dinev@rzekonomika.com.mk,http://www.rzekonomika.com.mk,Јасмина Андонова,+389 2 3287 438,"Р.Ж.Економика АД Скопје се занимава со трговија на големо и мало на резервни делови. Компанијата покрај трговијата со резервни делови, се занимава и со издавање на деловен простор и давање на услуги од областа на сметководствено-финансиското советување. Седиштето на компанијата е во Скопје.",19.790,640,171.046,3.384,174.430,26.762,MKEKON101019,535.245
RZIT,РЖ Интер-Трансшпед АД Скопје,ул.16-та Македонска бригада бр.18,Скопје,nikola_angeleski@intertranssped.com.mk,http://www.intertranssped.com.mk/,Никола Ангелески,+389 2 3287896,"РЖ Интер- Трансшпед АД Скопје е друштво за обезбедување на транспортни услуги во копнениот и железничкиот сообраќај со седиште во Скопје. Покрај главната дејност споредни дејности на компанијата се : шпедиција, товарење и истоварање на стока, логистички улуги, изнајмување на транспортни средства и други дополнителни транспортни услуги.",37.069,-1.988,85.308,,151.975,11.708,MKITRA101018,585.399
RZIZ,N/A,N/A,N/A,N/A,N/A,N/A,N/A,,N/A,N/A,N/A,N/A,N/A,N/A,MKSKIN101011,18.914
RZLE,АрцелорМиттал (ХРМ) АД Скопје - долгорочно суспендирано од котација,ул. 16-та Македонска бригада бр. 18,Скопје,dusko.drvarov@arcelormittal.com,http://arcelormittal.com.mk/,/,+389 23 24 39 00,Основната дејност на Друштвото е производство на топло валани котури и топло валан лим.,25.621,-89.959,-2.961.589,2.972.133,10.544,179.095,MKVALE101014,11.939.699
RZLV,Либерти АД Скопје,ул. 16-та Македонска бригада бр. 18,Скопје,liberty.skopje@libertysteelgroup.com,https://www.libertyskopje.mk/,Марија Мирковиќ,+389 23 24 39 00,"Основната дејност на Друштвото е производство на топло валани лужени котури, ладно валани котури и ладно валан лим, поцинкувани котури и лимови и пластифицирани поцинкувани котури.",5.910.484,-857.877,-410.691,3.029.287,2.618.596,1.515.733,MKLAVA101018,32.950.713
RZTK,РЖ Техничка Контрола АД Скопје,Ул. 16-та Македонска бригада бр.18,Скопје,"tkontrola2@gmail.com,  tkontrola1@gmail.com",http://www.rztk.com.mk,Силвија Трајковска,+389 2 3287 691,"Основната дејност на Друштвото е Техничко испитување и анализа. РЖ Техничка контрола-АД дава услуги за физичко-хемиски и металуршкииспитувања од областа на индустријата, рударството и металургијата.",125.718,25.661,201.099,18.846,219.945,77.224,MKTEKO101013,210.419
RZUG,Уготур АД Скопје,ул.15 - ти Корпус бр.2,Скопје,ugotur.ad@hotmail.com,http://www.ugotur.com.mk,Маја Велкова,+389 75 441 813,"Основната дејност на фирмата е приготвување, дистрибуирање и послужување на готови производи од областа на организирана исхрана на работници. УГОТУР АД Скопје своите производи ги приготвува во модерна кујна, опремена и приспособена за производство по принципите на HACCP системот за безбедност на храна. Дистрибуцијата на храната се врши со модерни возила со изотермички садови, со што се овозможува приготвената храна да се дистрибуира до купувачот во непроменета состојба.",1.531,-1.380,62.699,16.054,78.753,17.323,MKUGOT101019,866.160
RZUS,РЖ Услуги АД Скопје,ул. Македонска бригада бр. 18,Скопје,hq@rzu.com.mk,http://www.rzu.com.mk,Јован Гечески,+389 2 3288088,"РЖ Услуги АД Скопје се занимава со собирање, прочистување, призводство и дистрибуција на вода за пиење и индустриска вода. Покрај тоа компанијата извршува и други дејности како што се телефонски и интернет услуги, услуги за обезбедување и противпожарна заштита, сервисирање на противпожарни апарати, производство и дистрибуција на гас, техничко испитување и анализа, транспортни услуги, градежни услуги и др. Главното седиште на компанијата се наоѓа во Скопје.",191.080,-10.416,664.371,72.520,736.891,78.583,MKUSLU101015,1.571.668
SBT,Стопанска банка АД Битола,ул. Добривое РадосављевиЌ бр.21,Битола,stbbt@stbbt.com.mk,https://www.stbbt.mk,Даниела Ѓоршевска,+389 47 207 500; +389 47 207 541; +389 47 207 513,"Стопанска Банка АД Битола е акционерско друштво со својство на правно лице кое самостојно врши депозитни, кредитни и други банкарски работи, работи на платен промет во земјата и странство, прибирање на депозити и одобрување на кредити, работи со хартии од вредност и други банкарски работи.Банката е со седиште во Битола а располага со филијали во Скопје, Демир Хисар, Прилеп и Ресен.",792.740,-189.818,1.691.663,9.450.627,11.142.290,938.345,MKSBTB101013,390.977
SDOM,Современ дом АД Прилеп,ул. Александар Македонски ББ,Прилеп,mail@sovremen-dom.mk,http://www.sovremen-dom.mk,Ацо Дудулоски,+389 48 423 281,"СОВРЕМЕН ДОМ АД Прилеп во последните 10 години егзистира како ревитализирана компанија со обновени и реновирани објекти кои се прилагодени за издавање под закуп на разни производни и трговски компании. Друштвото располага со сопствени објекти во Прилеп како и низ други градови во Република Македонија со површина од 72.000 м2 покриен простор и отворен простор од 160.000 м2. Просторот е ограден и со целосна инфраструктура, со асфалтирани патишта околу сите објекти, пристап за големи товарни возила, паркинзи за возилата на корисниците, осветлување и обезбедување со централна служба за обезбедување, максимален потенцијал за електрична енергија и други поволности.",124.814,20.655,1.503.411,230.648,1.734.059,20.540,MKSDOM101013,684.670
SIL,Силекс АД Кратово,ул. Гоце Делчев бр.70,Кратово,/,/,Власте Савевски,+389 31 481 481,Основната дејност на „Силекс“ АД Кратово е рударство и вадење камен,1.075.951,65.753,837.853,436.846,1.274.699,31.602,MKSILK101013,451.464
SKON,N/A,N/A,N/A,N/A,N/A,N/A,N/A,,N/A,N/A,N/A,N/A,N/A,N/A,MKSKON101013,2.100
SKP,N/A,N/A,N/A,N/A,N/A,N/A,N/A,,N/A,N/A,N/A,N/A,N/A,N/A,MKSKPV101012,179.970
SLAV,Славеј  АД Скопје,Ул. Васил Ѓоргов бр. 45,Скопје,slavej@slavej.com.mk,http://www.slavej.com.mk,Горан Чалоски,+389 2 3216 503,"Основната дејност на СЛАВЕЈ АД Скопје е производство на ортопедски помагала како и трговија на големо со фармацевски производи и трговија на мало со медицински препарати и ортопедски помагала во специјализирани продавници. Палетата на производи, кои се произведуваат од стручниот тим на СЛАВЕЈ АД Скопје, со примена на светски стандарди, од внимателно избрани материјали и имаат ISO 9001 и CE сертификати од овластени интернационални организации, ја сочинуваат: протези, ортози, инвалидски колички ортопедски чевли и влошки, штаки и одалки и помагала за бандажирање.",166.405,-1.600,140.004,26.190,166.194,63.504,MKSLAS101013,20.485
SNBT,N/A,N/A,N/A,N/A,N/A,N/A,N/A,,N/A,N/A,N/A,N/A,N/A,N/A,MKSNOB101014,27.290
SNBTO,СН Осигурителен Брокер АД Битола,ул. Димитар Илиевски Мурато бр.5,Битола,info@snbroker.mk,https://snbroker.mk/,Елена Трајчевска Павловска,+389 47 553 390,"Осигурителното брокерско друштво СН Осигурителен брокер АД Битола e aкционерско друштво овластено за вршење на осигурително брокерски работи.Друштвото започна со работа на 04.12.2014 година и  брои 28 подружници распространети на целата територија на Р.С.Македонија, како и мрежа од 106 вработени – професионалци од различни области, со што СН Осигурителен брокер АД Битола претставува најголем осигурителен брокер во државата по основ на бруто полисирана премија, број на вработени, број на подружници и реализирани штети. Друштвото располага со 27 осигурителни брокери, два машински инженери во Отсек за возила и друг специјализиран кадар. Главна дејност на друштвото е:проценка на ризик, посредување во договарање на осигурително и реосигурително покритие, проценка и посредување во реализирање на оштетни побарувања, откуп на оштетни побарувања, советување и откуп на побарувања.",325.914,17.465,230.029,1.633.788,1.863.817,75.830,N/A,N/A
SOLN,N/A,N/A,N/A,N/A,N/A,N/A,N/A,,N/A,N/A,N/A,N/A,N/A,N/A,MKSOL1101012,82.246
SPAZ,Скопски Пазар АД Скопје,ул. Ѓорче Петров бр. 7,Скопје,info@skp.mk,http://www.skopskipazar.com.mk,Велимир Шиповиќ,+389 2 2404 300; +389 2 2404 204,"Скопски Пазар АД Скопје е компанија која се занимава со трговија. Компанијата поседува четири супермаркети кои го носат бренд името СП Маркет, 11 дисконти познати како Макси Д, две продавници за мебел, салон за убавина, и специјализирана продавница за текстил која го промовира Словенскиот бренд Одеја. Исто така компанијата е активна и во секторот со недвижен имот, врши изнајмување на простор, менаџира со 14 пазари за зеленчук и овошје и еден пазар за добиток. Исто така Компанијата поседува еден царински терминал, складиште и два ресторани.",275.158,120.490,2.352.121,699.115,3.051.236,496.559,MKSPAZ101010,70.937
SPAZP,Скопски Пазар АД Скопје,ул. Ѓорче Петров бр. 7,Скопје,info@skp.mk,http://www.skopskipazar.com.mk,Велимир Шиповиќ,+389 2 2404 300; +389 2 2404 204,"Скопски Пазар АД Скопје е компанија која се занимава со трговија. Компанијата поседува четири супермаркети кои го носат бренд името СП Маркет, 11 дисконти познати како Макси Д, две продавници за мебел, салон за убавина, и специјализирана продавница за текстил која го промовира Словенскиот бренд Одеја. Исто така компанијата е активна и во секторот со недвижен имот, врши изнајмување на простор, менаџира со 14 пазари за зеленчук и овошје и еден пазар за добиток. Исто така Компанијата поседува еден царински терминал, складиште и два ресторани.",275.158,120.490,2.352.121,699.115,3.051.236,496.559,MKSPAZ101010,70.937
SPOL,Струмичко поле с. Василево,с. Василево,Струмица,/,/,Васе Митев,+389 34 354776,"АД Струмичко поле с.Василево произведува и продава земјоделски култури како што се жито, асталско грозје, вино, ракија и други земјоделски сточарски производи.",89.409,-35.682,399.501,40.315,439.816,1.196,MKSPOL101010,239.253
SSPR,Сигурносно стакло АД Прилеп,ул. Моша Пијаде ББ,Прилеп,/,/,Најдоски Драган,+389 48 402 210,"Основните дејности на издавачот се трговија на мало со метална стока, бои и стакло и издавање и управување со сопствен недвижен имот.",10.433,989,-8.129,39.500,31.371,7.696,MKSSPR101010,21.377
STB,Стопанска банка АД Скопје,ул.11 Октомври бр.7,Скопје,sbank@stb.com.mk,http://www.stb.com.mk,Бојан Цветковски,+389 2 3295 295,"Стопанска банка А.Д. - Скопје е Банка со најдолга традиција на македонскиот пазар. Основана како првата банка во Македонија во 1944 година, Стопанска банка ги постави темелите за банкарското работење и се уште претставува лидер во развојот и во спроведувањето на најсовремените финансиски производи и услуги за населението и за правните лица што работат во Македонија. На почетокот на 2000 година управувачкиот пакет-акции од Стопанска банка А.Д. - Скопје беше откупен од страна на Националната банка на Грција – една од најголемите банкарски групации во Југоисточна Европа. Со овој значителен чекор Банката го продолжи својот растеж и развој во успешна компанија во согласност со светските банкарски стандарди. По преземањето од НБГ, Стопанска банка А.Д. - Скопје ја засили својата конкурентност преку интензивно преструктурирање. Банката воведе софистициран информациски систем и нова организациска структура, го исчисти своето кредитно портфолио, воведе стандардизирани процедури за кредитно одлучување, управување на ризиците и на набавките, ја подобри структурата на вработени и стана водечка компанија во земјата во корпоративното управување. Денес, Стопанска банка А.Д. – Скопје е Банка со најголем број клиенти од населението и од правните лица, Банка со најразвиена мрежа на локации, најголемо портфолио кредитни и депозитни производи и Банка со најголема актива.",7.783.341,3.470.799,25.725.804,106.039.900,131.765.704,23.008.676,MKSTBS101014,17.460.180
STBP,Стопанска банка АД Скопје,ул.11 Октомври бр.7,Скопје,sbank@stb.com.mk,http://www.stb.com.mk,Бојан Цветковски,+389 2 3295 295,"Стопанска банка А.Д. - Скопје е Банка со најдолга традиција на македонскиот пазар. Основана како првата банка во Македонија во 1944 година, Стопанска банка ги постави темелите за банкарското работење и се уште претставува лидер во развојот и во спроведувањето на најсовремените финансиски производи и услуги за населението и за правните лица што работат во Македонија. На почетокот на 2000 година управувачкиот пакет-акции од Стопанска банка А.Д. - Скопје беше откупен од страна на Националната банка на Грција – една од најголемите банкарски групации во Југоисточна Европа. Со овој значителен чекор Банката го продолжи својот растеж и развој во успешна компанија во согласност со светските банкарски стандарди. По преземањето од НБГ, Стопанска банка А.Д. - Скопје ја засили својата конкурентност преку интензивно преструктурирање. Банката воведе софистициран информациски систем и нова организациска структура, го исчисти своето кредитно портфолио, воведе стандардизирани процедури за кредитно одлучување, управување на ризиците и на набавките, ја подобри структурата на вработени и стана водечка компанија во земјата во корпоративното управување. Денес, Стопанска банка А.Д. – Скопје е Банка со најголем број клиенти од населението и од правните лица, Банка со најразвиена мрежа на локации, најголемо портфолио кредитни и депозитни производи и Банка со најголема актива.",7.783.341,3.470.799,25.725.804,106.039.900,131.765.704,23.008.676,MKSTBS101014,17.460.180
STIL,Макстил АД Скопје,ул. 16-та Македонска бригада бр. 18,Скопје,info@makstil.com.mk,http://www.makstil.com,Карин Павлоски,+389 2 3287023,"Макстил АД Скопје е компанија која е ориентирана кон челичната индустрија. Врши обработка на челик користејќи ги капацитетите на електропечки за производство на течен челик, леење на челик, топловалани лимови, производство на сурово железо, челик и феролегури, рециклажа на метални отпадоци, трговија на големо со метали и метални руди, трговија на големо со репродукционен материјал, трговија на големо со отпадоци и остатоци. Главен акционер во Макстил АД Скопје е Duferco Skop SA , компанија со седиште во Лугано, Швајцарија.",8.274.739,355.552,3.567.128,4.533.922,8.101.050,1.857.114,MKSTIL101014,14.622.943
STOK,Стокопромет АД Скопје,Бул. Партизански одреди бр. 70 Б,Скопје,/,/,Марија Петрушевска,+389 2 3061 007,"СТОКОПРОМЕТ АД Скопје е компанија која е основана далечната 1950 година со основна дејност промет со земјоделски и сточарски производи.Надворешното трговско работење на СТОКОПРОМЕТ AД преку извозот и узвозот на жива стока, месо, месни и млечни производи, добиточна храна и компоненти за добиточна храна била основна дејност на друштвото која овозможувала успешно финансиско работење.",,106,118.038,82,118.120,39.600,MKSTOK101017,33.000
TAJM,Тајмиште АД Кичево - долгорочно суспендирано од котација,Ул. 11 Септември влез 1 сутерен,Кичево,adtajmiste@yahoo.com,http://www.tajmiste.com.mk,Владимир Толески,+389 45 223 805,"Основни дејности на Тајмиште АД Кичево, наведувајќи ги главните производи и услуги се:• Рударски услуги (транспорт, ископ, дупчење и минирање)• Производство на жичани производи (жичано плетиво, истегнат метал ибраварија)• Угостителски услуги ( Хотели - ресторани Хотел Кичево и Куќа наУметност)",14.902,-30.387,160.650,76.697,237.347,25.551,MKTAJM101012,26.341
TBKO,N/A,N/A,N/A,N/A,N/A,N/A,N/A,,N/A,N/A,N/A,N/A,N/A,N/A,MKTBKO101016,18.326
TEAL,ТЕАЛ АД  Тетово,ул. Браќа Миладиновци бб,Тетово,/,/,Елена Шанцлиќ,+389 44 335 290,"Главна дејност на АД ТЕАЛ Тетово е производство на алуминиумски профили и легури, додека главни производи се: алуминиумски профили и алуминиумски инготи",176.602,-20.727,219.988,5.143,225.131,42.584,MKTEAL101018,58.334
TEHN,Технокомерц АД Скопје,ул.Јадранска Магистрала бр.56,Скопје,tehnok@tehnokomerc.com.mk,http://www.tehnokomerc.com.mk/,Лидија Црвенковска,+389 2 3097 193,"Технокомерц АД Скопје во својата деловна активност вклучува внатрешна и надоврешна трговија со: Резервни делови за теретни и полутеретни возила, автобуси, градежна и рударска механизација; Гуми за возила; Индустриска стока; Црна и обоена индустрија; Градежна механизација како и производство на: Хидраулични црева приклуцови редуцири; Гуменотехничка стока; Гумени држачи; Манжетни; Селен блокови; Заптивни материјали; Производи од силиконска гума; Автоматски хидраулични спојници за секоја намена,вентили и спојници за нафтени деривати; Метално свитливи црева",480.070,2.158,300.728,196.717,497.445,22.000,MKTEHN101019,22.000
TEL,Македонски Телеком АД – Скопје,„Кеј 13-ти Ноември“ бр. 6,Скопје,press@telekom.mk,http://www.telekom.mk,Златко Кузмановски,+389 2 310 0200,"Како водечки национален давател на електронски комуникации, Македонски Телеком АД – Скопје им нуди на своите корисници широк спектар на високо квалитетни телекомуникациски услуги и забавни содржини во рамки на фиксната мрежа, широкопојасните услуги и интегрираните решенија, вклучувајќи и ТВ преку Интернет протокол (IPTV). Портфолиото на производи на компанијата вклучува услуги базирани на интернет протокол, пренос на податоци, продажба и изнајмување на опрема и услуги за системска интеграција. Со обезбедување на иновативни услуги со висок квалитет и ефикасност на сите полиња на работење, компанијата има клучно место и улога во модернизацијата и подобрувањето на телекомуникацискиот пазар во Република Македонија. Со развој на иновативни производи и услуги, компанијата го промовира личното и општественото вмрежување помеѓу луѓето во македонското општество, што ја прави главен национален инженер на информатичкото општество во земјата.",11.912.553,2.080.351,16.052.015,4.529.781,20.581.796,36.782.924,MKMTSK101019,95.838.780
TETE,Тетекс АД Тетово,ул. Браќа Миладинови бр. 1,Тетово,teteks@mt.net.mk,http://www.teteks.com.mk,Павлинка Трповска,+389 44 339006,"Тетекс АД Тетово е компанија која се занимава со текстилна идустрија. Во оваа фабрика се произведуваат машки и женски конфекциски производи  од различни типови на ткаенини поризведени од Тетексовата фабрика за ткаенини или од други производители по желба на купувачите. Машка конфекција: одела, панталони, капути, јакни, смокинзи и др. Женска конфекција: костими, блејзери, панталони, сукњи, шорцеви, капути и др. Тетекс АД Тетово е извозно ориентирана компанија и главни извозни пазари се во Европа (Германија, Италија, Велика Британија, Франција, Данска, Грција, Австрија, Словенија, Хрватска, Бугарија) и Америка. Покрај основната дејност групацијата Тетекс АД Тетово има вложувања и во други дејности и тоа: банкарство (најголем поединеччен акционер на ТТК банка АД Скопје, електро-машински услуги и инженеринг, трговија со нафтени деривати итн.",102.485,85.375,1.654.356,48.398,1.702.754,1.237.957,MKTETE101016,414.171
TIKV,ГД-ТИКВЕШ АД Кавадарци,ул. Шишка бр.5,Кавадарци,gd_tikves@yahoo.com,http://gd-tikves.com,Наташа Наумова,+389 43 415 916,"Основна дејност на ГД-ТИКВЕШ АД Кавадарци е земјоделско производство. Вкупната површина на која друштвото го врши своето производство е 1042 ха. Основни производи се винско грозје на површина од 555 ха и асталско грозје на површина од 250 ха . Винското грозје е застапено со 69%, а асталското со 31%. Продажбата на своите производи ГД-ТИКВЕШ во последните неколку години ја остварува на домашниот пазар, а од другите држави продажба се остварува во Република Србија и во Белорусија. Споредни дејности се одгледување на житни култури, фуражни култури и овоштарство од кое на површина од 38 ха е застапен насад со праски.",407.149,7.054,548.547,214.469,763.016,68.000,MKTIKV101010,68.000
TKPR,Тутунски комбинат АД Прилеп,ул. Прилепски бранители бр. 85,Прилеп,tkpoffice@tkprilep.com.mk,http://www.tkprilep.com.mk,Зоран Пачешкоски,+389 48 421 670,"Тутунски Комбинат АД Прилеп е компанија која е активна во тутунската индустрија. Главна дејност на комапнијата е купување и преработка на тутун, производство на цигари, производство на филтер стапчиња, различни типови на лепила наменети за тутунската индустрија и други апликации, а исто така во нејзина сопственост е и хотел во Охрид. Производниот асортиман на компанијата нуди производи со бренд имиња вклучувајќи ги : VIP, BRAND, 19, RONDO, EVROPA, FILTER ORIENTAL and MACEDONIA. ",826.983,164.864,539.001,459.880,998.881,685.461,MKTKPR101017,2.741.845
TKVS,ВВ Тиквеш АД Кавадарци,ул. 8 Септември Бр. 5,Кавадарци,kastriot.arifi@tikves.com.mk,http://www.tikves.com.mk,Кастриот Арифи,+389 2 3175 726,"Винарска визба Тиквеш АД Скопје е компанија која работи на производство на вино. Во ТИКВЕШ годишно се преработуваат 55 милиони грозје, и се произведуваат околу 35 милиони литри вино. Нивниот асортиман опфаќа 24 видови вино, вклучувајќи црвени и бели вина, квалитетно и специјално одбрани типови вина. Вината на ТИКВЕШ се присутни на пазарите во Србија, Црна Гора, Хрватска, Босна и Херцеговина, Албанија, Европската унија, Русија, Украина, САД, Канада и Австралија.",3.157.369,236.117,2.577.982,1.903.595,4.481.576,1.650.015,MKVVTK101013,270.450
TNB,НЛБ Банка АД Скопје,ул. Водњанска бр.1,Скопје,investor_relations@nlb.mk,http://nlb.mk/,Сања Павлеска Донева,+389 2 5100 954,"НЛБ Банка АД Скопје е водечка банкарска институција во Република Македонија со постојан тренд на пораст и позитивни резултати од основањето до денес. Банката спаѓа во групата на големи банки и според вкупната нето актива е трета по големина банкарска институција во Република Македонија. Успехот на НЛБ Банка се должи на имплементацијата на висококвалитетни стандарди во работењето, модерната инфраструктура на информатичката технологија, успешната пазарна стратегија, како и на професионалниот менаџмент, зајакнати со брендот на НЛБ.",6.877.083,3.216.860,16.762.424,99.644.237,116.406.661,25.228.381,MKTNBA101019,854.061
TRDB,Трудбеник АД Охрид - долгорочно суспендирано од котација,Ул Кеј Маршал Тито ББ,Охрид,trudbenikohrid@gmail.com,http://www.trudbenikadgohrid.com,Соња Томаноска,+389 46 523 160,Основна дејност на друштвото е изградба на стамбени и нестамбени згради,0,-490,7.147,41.394,48.541,1.968,MKTRDB101012,38.490
TRPS,Патнички сообраќај Транскоп АД Битола,ул. Никола Тесла бр. 160,Битола,info@transkop.mk,http://www.transkop.mk/index.php,N/A,/,Основна дејност на друштвото е превоз на патници во земјата и странство,121.763,5.125,112.707,55.546,168.253,54.000,MKTRAN101011,30.000
TRUB,N/A,N/A,N/A,N/A,N/A,N/A,N/A,,N/A,N/A,N/A,N/A,N/A,N/A,MKTRUB101011,70.000
TSMP,Трготекстил Малопродажба АД Скопје,ул. Луј Пастер бр.5,Скопје,vlatko_krstevski@hotmail.com,http://www.maloprodazba.com,/,+389 2 3227 259,Друштвото Трготекстил Малопродажба АД Скопје е овластено да ги врши следните активности:• Приоритетна дејност на друштвото е издавање и управување со сопствен недвижен имот или недвижен имот земен под закуп (лизинг);• Под други дејности друштвото ги обавува сите дејности евидентирани во надворешниот промет.,74.115,16.560,187.663,77.055,264.862,67.900,MKTSMP101014,700.000
TSZS,N/A,N/A,N/A,N/A,N/A,N/A,N/A,,N/A,N/A,N/A,N/A,N/A,N/A,MKTRGT101019,20.745
TTK,ТТК Банка АД Скопје,ул.Народен фронт бр.19 А,Скопје,ttk@ttk.com.mk,https:\\www.ttk.com.mk ,Жарко Митревски,+389 2 3247 000 лок. 456,"ТТК Банка АД Скопје делува како акционерско друштво во својство на правно лице, како резултат на спојување на Тетекс-Кредитна банка АД Скопје и Тетовска банка АД Тетово. Банката самостојно и успешно ги обавува следниве активности : Прибирање на депозити и други повратни извори на средства; Кредитирање во земјата вклучувајќи и факторинг и финансирање на комерцијални трансакции;Кредитирање во странство вклучувајќи и факторинг и финансирање на комерцијални трансакции; Издавање и администрирање на платежни средства (парични картички, чекови, патнички чекови, меници); Менувачки работи; Платен промет во земјата и странство, вклучувајќи купопродажба на девизи; Брз трансфер на пари; Издавање на платежни гаранции, авали и други форми на обезбедување; Изнајмување сефови, остава и депо; Тргување со девизни средства што вклучува и тргување со благородни материјали; Тргување со хартии од вредност; Обработка и анализа на информации за кредитна способност на правни лица; Економско –финансиски консалтинг;Други финансиски активности утврдени со закон кои може да ги врши банката; Финансиски лизинг; Тргување со инструменти на пазарот на пари; Купопродажба, гарантирање и пласман на емисија на хартии од вредност;Посредување во склучување на договори за кредити и заеми.",657.103,105.203,1.217.427,8.879.456,10.096.883,1.400.100,MKTTKS101012,1.033.173
TTKO,ТТК Банка АД Скопје,ул.Народен фронт бр.19 А,Скопје,ttk@ttk.com.mk,https:\\www.ttk.com.mk ,Жарко Митревски,+389 2 3247 000 лок. 456,"ТТК Банка АД Скопје делува како акционерско друштво во својство на правно лице, како резултат на спојување на Тетекс-Кредитна банка АД Скопје и Тетовска банка АД Тетово. Банката самостојно и успешно ги обавува следниве активности : Прибирање на депозити и други повратни извори на средства; Кредитирање во земјата вклучувајќи и факторинг и финансирање на комерцијални трансакции;Кредитирање во странство вклучувајќи и факторинг и финансирање на комерцијални трансакции; Издавање и администрирање на платежни средства (парични картички, чекови, патнички чекови, меници); Менувачки работи; Платен промет во земјата и странство, вклучувајќи купопродажба на девизи; Брз трансфер на пари; Издавање на платежни гаранции, авали и други форми на обезбедување; Изнајмување сефови, остава и депо; Тргување со девизни средства што вклучува и тргување со благородни материјали; Тргување со хартии од вредност; Обработка и анализа на информации за кредитна способност на правни лица; Економско –финансиски консалтинг;Други финансиски активности утврдени со закон кои може да ги врши банката; Финансиски лизинг; Тргување со инструменти на пазарот на пари; Купопродажба, гарантирање и пласман на емисија на хартии од вредност;Посредување во склучување на договори за кредити и заеми.",657.103,105.203,1.217.427,8.879.456,10.096.883,1.400.100,MKTTKS101012,1.033.173
UNI,УНИ Банка АД Скопје,ул. Максим Горки бр.6,Скопје,,http://www.unibank.mk,Ѕвонко Станковски,+389 2 3111 111,"Банката има дозвола за вршење на сите банкарски активности согласно Законот за банки. УниБанка спаѓа во групата средни банки заедно со уште седум други банки. По мрежата на експозитури која е прилично распространета на територијата на Р.Македонија, УниБанка учествува со околу 8% во банкарскиот сектор.",2.043.654,476.510,3.840.361,24.263.966,28.104.327,3.093.098,MKBLBA101011,545.987
USJE,Цементарница УСЈЕ АД Скопје,"ул. Борис Трајковски, 94",Скопје,contact@usje.mk,http://www.usje.com.mk/,Габриела Барлакоска,+389 2 2782 500,"Цементарница УСЈЕ АД е производител на цемент и други градежни материјали. Како членка на Групацијата ТИТАН, која е мултирегионален производител на цемент, Цементарница УСЈЕ АД е современа компанија и активен член на заедницата. Компанијата е лоцирана во Скопје, главниот град на Република Македонија. Цементарница УСЈЕ АД започна да произведува цемент во 1955 година, а денес вработува повеќе од 300 луѓе. Цементарница УСЈЕ АД е една од најголемите компании во земјата и се вбројува меѓу врвните 20 компании според профитот и резултатите.",6.279.878,1.524.549,5.249.796,1.161.764,6.411.560,17.130.577,MKUSJE101019,563.784
VARG,N/A,N/A,N/A,N/A,N/A,N/A,N/A,,N/A,N/A,N/A,N/A,N/A,N/A,MKVARG101016,1.384.223
VFPM,N/A,N/A,N/A,N/A,N/A,N/A,N/A,,N/A,N/A,N/A,N/A,N/A,N/A,MKVFPF101014,525.000
VITA,Витаминка АД Прилеп,ул. Леце Котески бр. 23,Прилеп,contact@vitaminka.com.mk,http://www.vitaminka.com.mk,Иван Стрезоски,+389 48 407407,"Витаминка АД Прилеп е компанија која работи во прехрамбената производствена индустрија. Широката палета на производи на компанијата вклучува производство на: производи за ужина, чоколадни производи, слатки, бонбони, пудинзи, сладоледи во прав, шлаг-крем, пастеризирани производи, кечап и мајонез, супи и сосови,и други додатоци за храна. Исто така нивната понуда вклучува и инстант производи, сирупи и филтер чаеви. Централата на Витаминка АД Прилеп, се наоѓа во Прилеп, Македонија.",3.446.866,99.297,1.092.871,2.101.248,3.194.119,820.904,MKVITA101012,76.720
VROS,Триглав Осигурување АД Скопје,Бул. 8-ми Септември бр.16,Скопје,info@triglav.mk,http://triglav.mk/,Иво Прличков,+389 2 5102 222,"Друштвото е регистрирано за вршење 16 класи на неживотно осигурување, со најголема концентрираност кон развојот на имотните осигурувања, осигурување на последици од незгода, патничко осигурување како и осигурување на моторни возила.",1.472.638,47.280,874.712,2.174.173,3.048.885,471.722,MKVROS101016,60.184
VSC,N/A,N/A,N/A,N/A,N/A,N/A,N/A,,N/A,N/A,N/A,N/A,N/A,N/A,MKVSCK101017,71.000
VTKS,Ветекс АД Велес,Ул. Вардарска бр.50,Велес,veteks@t-home.mk,https://www.veteks.mk/,Ѓоше Митев,+389 43 234455,Друштво за производство на предиво и конец,316.786,6.835,247.345,32.858,280.203,30.108,MKVTKS101018,30.048
ZAS,ЖАС АД Скопје,Ул. Перо Наков бр. 1,Скопје,zastransport@yahoo.com,/,Милан Стеваноски,+389 2 3170 068,"Основна дејност на Друштвото ЖАС АД – Скопје е товарен патен транспорт, а како споредна дејност се јавува сервисирање на товарни возила ииздавање на деловен простор.",143,-41,-48.787,49.405,618,2.527,MKZSSK101015,93.609
ZILU,Жито Лукс АД Скопје,бул. Македонско-косовска бригада бр. 44,Скопје,zitoluks@zitoluks.com.mk,http://www.zitoluks.com.mk/,Оливера Ѓуровска,+389 2 5270 110,"Жито Лукс АД Скопје е основана во 1946 година во Скопје. Како компанија со 67 годишна традиција, реномирана во производство и продажба на леб, брашно и печива, Жито Лукс е една од водечките компании на пазарот во производство на храна како и во производство на леб и брашно. Од 2001 година, Жито Лукс е членка на меѓународната групација на компании Елбиско С. А., којашто е доминантен акционер.",1.208.462,24.829,598.191,550.392,1.148.583,65.539,MKZILU101012,819.238
ZILUP,Жито Лукс АД Скопје,бул. Македонско-косовска бригада бр. 44,Скопје,zitoluks@zitoluks.com.mk,http://www.zitoluks.com.mk/,Оливера Ѓуровска,+389 2 5270 110,"Жито Лукс АД Скопје е основана во 1946 година во Скопје. Како компанија со 67 годишна традиција, реномирана во производство и продажба на леб, брашно и печива, Жито Лукс е една од водечките компании на пазарот во производство на храна како и во производство на леб и брашно. Од 2001 година, Жито Лукс е членка на меѓународната групација на компании Елбиско С. А., којашто е доминантен акционер.",1.208.462,24.829,598.191,550.392,1.148.583,65.539,MKZILU101012,819.238
ZIMS,N/A,N/A,N/A,N/A,N/A,N/A,N/A,,N/A,N/A,N/A,N/A,N/A,N/A,MKZIMS101015,35.000
ZKAR,Жито Караорман АД Кичево,Бул.Илинден 44,Кичево,zitokaraorman@t-home.mk,http://www.zitokaraorman.com.mk,Селаудин Арифи,+389 45 221 290,"""Жито Караорман"" АД Кичево е една од водечките фирми во млинско пекарската индустрија во Република Македонија која располага со најсовремени машини за производство на брашно, леб и бели печива",98.818,-204.175,97.956,225.559,323.515,6.874,MKKARK101013,11.177
ZPKO,ЗК Пелагонија АД Битола,ул. Новачки пат бр.11,Битола,info@zkpelagonija.mk,http://www.zkpelagonija.mk/,Петар Бакиевски,+389 47 243 612,"ЗК Пелагонија АД Битола е е водечка компанија во рамките на агробизнисот во Република Македонија. Основна наша дејност е примарно земјоделско производство од: ниски култури(пченица, јачмен, сончоглед, шеќерна репа, пченка зрно, пченка силажа и друго), одгледување на ситен и крупен добиток, сточарско производство, градинарство, рибарство и овоштарство. Во својата производна дејност вклучува производство и доработка на семенски материјал од житни, индустриски и фуражни култури.",1.401.405,514.467,4.103.837,1.921.629,6.025.466,730.408,MKZPKO101012,202.891
ZPOG,Жито Полог АД Тетово,Ул.Маршал Тито бр.134,Тетово,zitopolog@on.net.mk,http://www.zitopolog.com.mk,Славица Мишеска Стојановска,+389 44 339 880,"Основна дејност во ""Жито Полог"" АД – Тетово опфаќа производство на мелнички и пекарски производи, тестенини и јајца. Поседува сместувачки капацитети за житни култури, има сопствена малопродажна мрежа и специјализиран погон за добиточна храна за задоволување на потребите на сопствената живинарска фарма.",231.380,-23.663,431.918,106.669,538.587,126.889,MKZPOG101018,55.997
ZUAS,N/A,N/A,N/A,N/A,N/A,N/A,N/A,,N/A,N/A,N/A,N/A,N/A,N/A,MKZUAS101013,35.000
